{
  "value": [
    [
      174.0,
      281.0
    ]
  ],
  "impurity": 0.4723487501509479,
  "feature": 22,
  "threshold": 105.94999694824219,
  "left": {
    "value": [
      [
        12.0,
        259.0
      ]
    ],
    "impurity": 0.08463937037894365,
    "feature": 27,
    "threshold": 0.15889999270439148,
    "left": {
      "value": [
        [
          6.0,
          258.0
        ]
      ],
      "impurity": 0.044421487603305776,
      "feature": 13,
      "threshold": 48.974998474121094,
      "left": {
        "value": [
          [
            4.0,
            256.0
          ]
        ],
        "impurity": 0.030295857988165698,
        "feature": 24,
        "threshold": 0.1782499998807907,
        "left": {
          "value": [
            [
              2.0,
              254.0
            ]
          ],
          "impurity": 0.0155029296875,
          "feature": 14,
          "threshold": 0.0032939999364316463,
          "left": {
            "value": [
              [
                1.0,
                4.0
              ]
            ],
            "impurity": 0.31999999999999995
          },
          "right": {
            "value": [
              [
                1.0,
                250.0
              ]
            ],
            "impurity": 0.007936381962191041
          }
        },
        "right": {
          "value": [
            [
              2.0,
              2.0
            ]
          ],
          "impurity": 0.5
        }
      },
      "right": {
        "value": [
          [
            2.0,
            2.0
          ]
        ],
        "impurity": 0.5
      }
    },
    "right": {
      "value": [
        [
          6.0,
          1.0
        ]
      ],
      "impurity": 0.24489795918367352,
      "feature": 4,
      "threshold": 0.10830000042915344,
      "left": {
        "value": [
          [
            2.0,
            1.0
          ]
        ],
        "impurity": 0.4444444444444444
      },
      "right": {
        "value": [
          [
            4.0,
            0.0
          ]
        ],
        "impurity": 0.0
      }
    }
  },
  "right": {
    "value": [
      [
        162.0,
        22.0
      ]
    ],
    "impurity": 0.21053875236294894,
    "feature": 22,
    "threshold": 117.44999694824219,
    "left": {
      "value": [
        [
          26.0,
          21.0
        ]
      ],
      "impurity": 0.4943413309189678,
      "feature": 24,
      "threshold": 0.13539999723434448,
      "left": {
        "value": [
          [
            6.0,
            20.0
          ]
        ],
        "impurity": 0.3550295857988166,
        "feature": 1,
        "threshold": 20.994998931884766,
        "left": {
          "value": [
            [
              1.0,
              18.0
            ]
          ],
          "impurity": 0.09972299168975074,
          "feature": 13,
          "threshold": 37.80000305175781,
          "left": {
            "value": [
              [
                0.0,
                16.0
              ]
            ],
            "impurity": 0.0
          },
          "right": {
            "value": [
              [
                1.0,
                2.0
              ]
            ],
            "impurity": 0.4444444444444444
          }
        },
        "right": {
          "value": [
            [
              5.0,
              2.0
            ]
          ],
          "impurity": 0.40816326530612246,
          "feature": 13,
          "threshold": 28.424999237060547,
          "left": {
            "value": [
              [
                1.0,
                2.0
              ]
            ],
            "impurity": 0.4444444444444444
          },
          "right": {
            "value": [
              [
                4.0,
                0.0
              ]
            ],
            "impurity": 0.0
          }
        }
      },
      "right": {
        "value": [
          [
            20.0,
            1.0
          ]
        ],
        "impurity": 0.09070294784580502,
        "feature": 3,
        "threshold": 649.7000122070312,
        "left": {
          "value": [
            [
              18.0,
              0.0
            ]
          ],
          "impurity": 0.0
        },
        "right": {
          "value": [
            [
              2.0,
              1.0
            ]
          ],
          "impurity": 0.4444444444444444
        }
      }
    },
    "right": {
      "value": [
        [
          136.0,
          1.0
        ]
      ],
      "impurity": 0.014491981458788383,
      "feature": 28,
      "threshold": 0.19214999675750732,
      "left": {
        "value": [
          [
            2.0,
            1.0
          ]
        ],
        "impurity": 0.4444444444444444
      },
      "right": {
        "value": [
          [
            134.0,
            0.0
          ]
        ],
        "impurity": 0.0
      }
    }
  }
}